{"cameraMode":{"drawMode":0,"name":"Shaded","section":"Shading Mode"},"sceneLighting":true,"audioPlay":false,"sceneViewState":{"m_AlwaysRefresh":false,"showFog":true,"showSkybox":true,"showFlares":true,"showImageEffects":true,"showParticleSystems":true,"showVisualEffectGraphs":true,"m_FxEnabled":true},"in2DMode":false,"pivot":{"x":-8.76411247253418,"y":12.688249588012696,"z":9.937305450439454},"rotation":{"x":-0.002695206319913268,"y":-0.5801303386688232,"z":0.0019205445423722268,"w":-0.8144989609718323},"size":6.028203964233398,"orthographic":false}